image_0.jpg,1 sqg open
image_1.jpg,1 sqg open
image_2.jpg,1 sqg open
image_3.jpg,1 sqg open
image_4.jpg,1 sqg open
image_5.jpg,1 sqg close
image_6.jpg,1 sqg close
image_7.jpg,1 sqg close
image_8.jpg,1 sqg close
image_9.jpg,1 sqg close
image_10.jpg,1 sqg line
image_11.jpg,1 sqg line
image_12.jpg,1 sqg line
image_13.jpg,1 sqg line
image_14.jpg,1 sqg line
image_15.jpg,1 cir close
image_16.jpg,1 cir close
image_17.jpg,1 cir close
image_18.jpg,1 cir close
image_19.jpg,1 cir close
image_20.jpg,2 sqg open
image_21.jpg,2 sqg open
image_22.jpg,2 sqg open
image_23.jpg,2 sqg open
image_24.jpg,2 sqg open
image_25.jpg,1 cir open
image_26.jpg,1 cir open
image_27.jpg,1 cir open
image_28.jpg,1 cir open
image_29.jpg,1 cir line
image_30.jpg,1 cir line
image_31.jpg,1 cir line
image_32.jpg,1 cir line
image_33.jpg,1 cir line
image_34.jpg,1 kite line
image_35.jpg,1 kite line
image_36.jpg,1 kite line
image_37.jpg,1 kite line
image_38.jpg,1 kite line
image_39.jpg,1 kite close
image_40.jpg,1 kite close
image_41.jpg,1 kite close
image_42.jpg,1 kite close
image_43.jpg,3 sqg open
image_44.jpg,3 sqg open
image_45.jpg,3 sqg open
image_46.jpg,3 sqg open
image_47.jpg,3 sqg open
image_48.jpg,3 sqg close
image_49.jpg,3 sqg close
image_50.jpg,3 sqg close
image_51.jpg,3 sqg close
image_52.jpg,3 sqg close
image_53.jpg,3 sqg line
image_54.jpg,3 sqg line
image_55.jpg,3 sqg line
image_56.jpg,3 sqg line
image_57.jpg,3 sqg line
image_58.jpg,3 cir close
image_59.jpg,3 cir close
image_60.jpg,3 cir close
image_61.jpg,3 cir close
image_62.jpg,3 cir close
image_63.jpg,3 cir line
image_64.jpg,3 cir line
image_65.jpg,3 cir line
image_66.jpg,3 cir line
image_67.jpg,3 cir line
image_68.jpg,3 cir open
image_69.jpg,3 cir open
image_70.jpg,3 cir open
image_71.jpg,3 cir open
image_72.jpg,3 cir open
image_73.jpg,3 kite open
image_74.jpg,3 kite open
image_75.jpg,3 kite open
image_76.jpg,3 kite open
image_77.jpg,3 kite open
image_78.jpg,3 kite line
image_79.jpg,3 kite line
image_80.jpg,3 kite line
image_81.jpg,3 kite line
image_82.jpg,3 kite line
image_83.jpg,3 kite close
image_84.jpg,3 kite close
image_85.jpg,3 kite close
image_86.jpg,3 kite close
image_87.jpg,3 kite close
image_88.jpg,2 sqg line
image_89.jpg,2 sqg line
image_90.jpg,2 sqg line
image_91.jpg,2 sqg line
image_92.jpg,2 sqg line
image_93.jpg,2 sqg close
image_94.jpg,2 sqg close
image_95.jpg,2 sqg close
image_96.jpg,2 sqg close
image_97.jpg,2 sqg close
image_98.jpg,2 cir close
image_99.jpg,2 cir close
image_100.jpg,2 cir close
image_101.jpg,2 cir close
image_102.jpg,2 cir close
image_103.jpg,2 cir open
image_104.jpg,2 cir open
image_105.jpg,2 cir open
image_106.jpg,2 cir open
image_107.jpg,2 cir open
image_108.jpg,2 cir line
image_109.jpg,2 cir line
image_110.jpg,2 cir line
image_111.jpg,2 cir line
image_112.jpg,2 cir line
image_113.jpg,2 kite line
image_114.jpg,2 kite line
image_115.jpg,2 kite line
image_116.jpg,2 kite line
image_117.jpg,2 kite line
image_118.jpg,2 kite close
image_119.jpg,2 kite close
image_120.jpg,2 kite close
image_121.jpg,2 kite close
image_122.jpg,2 kite close
image_123.jpg,2 kite open
image_124.jpg,2 kite open
image_125.jpg,2 kite open
image_126.jpg,2 kite open
image_127.jpg,2 kite open